0,-0.00065356085052291303
0.0001,-0.0031812383857135898
0.00020000000000000001,-0.0028810657865264702
0.00030000000000000003,-0.0010430811852013501
0.00040000000000000002,0.00043850913252600201
0.00050000000000000001,0.00239040065732653
0.00060000000000000006,0.0048519296398491897
0.00069999999999999999,0.0072812495342267601
0.00080000000000000004,0.0099916744046295303
0.00090000000000000008,0.0129657696897519
0.001,0.015892351938808901
0.0011000000000000001,0.018893636119557099
0.0012000000000000001,0.0220493033356957
0.0013000000000000002,0.025219429560556401
0.0014,0.028422939774068699
0.0015,0.031743560524545203
0.0016000000000000001,0.035110864213940302
0.0017000000000000001,0.038509503998546302
0.0018000000000000002,0.041992605220510001
0.0019,0.045553108991571202
0.002,0.049153429517203397
0.0021000000000000003,0.052828150351200101
0.0022000000000000001,0.056602059036944402
0.0023,0.0604733836709751
0.0024000000000000002,0.064444935688943203
0.0025000000000000001,0.068494516265557706
0.0026000000000000003,0.072478434506482406
0.0027000000000000001,0.076109528760080702
0.0028,0.078978934031617695
0.0029000000000000002,0.080593437474997698
0.0030000000000000001,0.080445492259791002
0.0031000000000000003,0.078126239492162797
0.0032000000000000002,0.073426813532437907
0.0033,0.066386863308410704
0.0034000000000000002,0.057290347766027101
0.0035000000000000001,0.046625165143780498
0.0036000000000000003,0.035015272143816001
0.0037000000000000002,0.023132092560297499
0.0038,0.0116041405689886
0.0039000000000000003,0.00094959834411915305
0.0040000000000000001,-0.0084563636076587009
0.0041000000000000003,-0.0163822592642827
0.0042000000000000006,-0.0227185898173622
0.0043,-0.027446956951785301
0.0044000000000000003,-0.030614771784820801
0.0045000000000000005,-0.032321733414248002
0.0045999999999999999,-0.032714391685439097
0.0047000000000000002,-0.031982675505481797
0.0048000000000000004,-0.030354177544375999
0.0048999999999999998,-0.0280822355181366
0.0050000000000000001,-0.025425929346747599
0.0051000000000000004,-0.022624674224602799
0.0052000000000000006,-0.019872972737083501
0.0053,-0.017302168505275502
0.0054000000000000003,-0.014976601531267
0.0055000000000000005,-0.0129070595792516
0.0055999999999999999,-0.011073970716268
0.0057000000000000002,-0.0094471178950560307
0.0058000000000000005,-0.0079956288939210095
0.0058999999999999999,-0.0066934402809747601
0.0060000000000000001,-0.0055268869341037197
0.0061000000000000004,-0.0045021398640536303
0.0062000000000000006,-0.0036438254880701401
0.0063,-0.0029810700043133099
0.0064000000000000003,-0.0025275849948450599
0.0065000000000000006,-0.0022672890493672798
0.0066,-0.0021529735758170098
0.0067000000000000002,-0.00211799204461569
0.0068000000000000005,-0.0020954765382495901
0.0069000000000000008,-0.0020375277420379202
0.0070000000000000001,-0.00192741481509924
0.0071000000000000004,-0.00178066160081968
0.0072000000000000007,-0.0016351967069547101
0.0073000000000000001,-0.0015346701129752001
0.0074000000000000003,-0.0015109995394102301
0.0075000000000000006,-0.00157195277973158
0.0076,-0.0016976044458763501
0.0077000000000000002,-0.00184641232928332
0.0078000000000000005,-0.00196831283361405
0.0079000000000000008,-0.0020199219780299999
0.0080000000000000002,-0.0019766221906854799
0.0080999999999999996,-0.00183796587598116
0.0082000000000000007,-0.0016254837302887
0.0083000000000000001,-0.0013745114538599901
0.0084000000000000012,-0.0011232529376096201
0.0085000000000000006,-0.00090267626325668505
0.0086,-0.00073008686709535799
0.0087000000000000011,-0.00060772628208537595
0.0088000000000000005,-0.00052604192229374896
0.0088999999999999999,-0.00046989007836813901
0.0090000000000000011,-0.00042524431244983301
0.0091000000000000004,-0.00038412371780115298
0.0091999999999999998,-0.00034631280553064201
0.009300000000000001,-0.00031768497864797
0.0094000000000000004,-0.00030612773502525199
0.0094999999999999998,-0.00031681036660410498
0.0096000000000000009,-0.000348623591775821
0.0097000000000000003,-0.000393080530689456
0.0097999999999999997,-0.00043603088155214802
0.0099000000000000008,-0.000461548003433724
0.01,-0.00045663513506047202
0.010100000000000001,-0.00041517748796567798
0.010200000000000001,-0.00033987820586522098
0.0103,-0.00024161924497718699
0.010400000000000001,-0.00013652773831923599
0.010500000000000001,-4.1724229775024598e-05
0.0106,2.89309521523206e-05
0.010700000000000001,6.7873685001298298e-05
0.010800000000000001,7.4901985137743605e-05
0.0109,5.6177506302144803e-05
0.011000000000000001,2.16928932649018e-05
0.0111,-1.78666011147085e-05
0.0112,-5.3870214897873901e-05
0.011300000000000001,-8.1349550940050197e-05
0.0114,-9.9174046183322896e-05
0.0115,-0.000108994540272621
0.011600000000000001,-0.00011352536857058101
0.0117,-0.00011487500180212099
0.0118,-0.00011352324074015699
0.011900000000000001,-0.000108242256544083
0.012,-9.6888134018983002e-05
0.012100000000000001,-7.7679726025611903e-05
0.012200000000000001,-5.04312526784673e-05
0.0123,-1.7251317356334301e-05
0.012400000000000001,1.7567359123387701e-05
0.012500000000000001,4.8449623412435e-05
0.0126,6.9941547036583295e-05
0.012700000000000001,7.8165623951576504e-05
0.012800000000000001,7.1872294333919805e-05
0.0129,5.27752067432774e-05
0.013000000000000001,2.5091709671026599e-05
0.013100000000000001,-5.5455877744750498e-06
0.0132,-3.3463884424089698e-05
0.013300000000000001,-5.4211245070107897e-05
0.0134,-6.5371337324539999e-05
0.0135,-6.6762218203011793e-05
0.013600000000000001,-6.0047302339815702e-05
0.0137,-4.7954588112270203e-05
0.013800000000000002,-3.33890583662055e-05
0.013900000000000001,-1.87135247137359e-05
0.014,-5.37893868732823e-06
0.014100000000000001,6.0541374017872399e-06
0.014200000000000001,1.5595686644126901e-05
0.0143,2.3387225729966699e-05
0.014400000000000001,2.9338068036394101e-05
0.014500000000000001,3.29779331219268e-05
0.0146,3.3569975559198498e-05
0.014700000000000001,3.0424786558714301e-05
0.014800000000000001,2.3281796595353699e-05
0.0149,1.26027637318535e-05
0.015000000000000001,-3.4374091704119102e-07
0.015100000000000001,-1.36531102786158e-05
0.0152,-2.51692837113985e-05
0.015300000000000001,-3.2971038914771999e-05
0.0154,-3.5816566030474503e-05
0.0155,-3.34187161945232e-05
0.015600000000000001,-2.6478321448520101e-05
0.015700000000000002,-1.6477211436687201e-05
0.015800000000000002,-5.3014247236498299e-06
0.015900000000000001,5.1923205124672201e-06
0.016,1.3548504655039801e-05
0.0161,1.8934852357482699e-05
0.016199999999999999,2.1179429749823501e-05
0.016300000000000002,2.0644960172838401e-05
0.016400000000000001,1.8005911856047499e-05
0.016500000000000001,1.4011523014195001e-05
0.0166,9.3073073529404507e-06
0.0167,4.35553719290923e-06
0.016800000000000002,-5.4530426007176496e-07
0.016900000000000002,-5.1767698848213803e-06
0.017000000000000001,-9.3050163213713597e-06
0.017100000000000001,-1.26233567500508e-05
0.0172,-1.47617900326384e-05
0.017299999999999999,-1.5362950653075499e-05
0.017400000000000002,-1.41965513766401e-05
0.017500000000000002,-1.1268584934445399e-05
0.017600000000000001,-6.8820686924900603e-06
0.0177,-1.6218741884037201e-06
0.0178,3.7389258022468001e-06
0.017899999999999999,8.3884728701616794e-06
0.018000000000000002,1.16412019677739e-05
0.018100000000000002,1.3074208919167099e-05
0.018200000000000001,1.2599996254923101e-05
0.0183,1.0460108762716999e-05
0.0184,7.1468989549335797e-06
0.018500000000000003,3.2795291730422101e-06
0.018600000000000002,-5.3005222708133405e-07
0.018700000000000001,-3.7870626115538699e-06
0.018800000000000001,-6.1769295048441602e-06
0.0189,-7.5750129103247896e-06
0.019,-8.0125660548226105e-06
0.019100000000000002,-7.6191725558011698e-06
0.019200000000000002,-6.5646411131143996e-06
0.019300000000000001,-5.0183408932140104e-06
0.019400000000000001,-3.1338871840722001e-06
0.0195,-1.05595307791764e-06
0.019599999999999999,1.06229668723158e-06
0.019700000000000002,3.0455435186702699e-06
0.019800000000000002,4.6978664906067802e-06
0.019900000000000001,5.8237420986713404e-06
