0,-0.000520416448741505
0.0001,-0.00160517748515702
0.00020000000000000001,-0.00114709853757508
0.00030000000000000003,0.000332814572680627
0.00040000000000000002,0.0015115530732260701
0.00050000000000000001,0.0027579137374010299
0.00060000000000000006,0.0044527224900688302
0.00069999999999999999,0.0061243009459853101
0.00080000000000000004,0.0077882086681537099
0.00090000000000000008,0.0096462722125718308
0.001,0.011492670451342101
0.0011000000000000001,0.013208192348953001
0.0012000000000000001,0.0149195643420812
0.0013000000000000002,0.0165581863475667
0.0014,0.0180160463213507
0.0015,0.019388455362547501
0.0016000000000000001,0.0207702232990323
0.0017000000000000001,0.022165307829402299
0.0018000000000000002,0.023647435214076799
0.0019,0.025302555932257099
0.002,0.027125946106770899
0.0021000000000000003,0.029116021433514799
0.0022000000000000001,0.031325961328316498
0.0023,0.033780353111662498
0.0024000000000000002,0.036477879899574399
0.0025000000000000001,0.039445933530973497
0.0026000000000000003,0.042705227940306997
0.0027000000000000001,0.046230974683275299
0.0028,0.049996313460505502
0.0029000000000000002,0.053991545927371799
0.0030000000000000001,0.058176803710534998
0.0031000000000000003,0.062444538494953801
0.0032000000000000002,0.066616037774337999
0.0033,0.070425709290822494
0.0034000000000000002,0.073516340402733596
0.0035000000000000001,0.075482333929886
0.0036000000000000003,0.075943533715427003
0.0037000000000000002,0.074604089267571103
0.0038,0.071296219353903206
0.0039000000000000003,0.066010012867778398
0.0040000000000000001,0.058899208340715402
0.0041000000000000003,0.050259846443067802
0.0042000000000000006,0.040498059023957901
0.0043,0.030087532736045201
0.0044000000000000003,0.019515566360278101
0.0045000000000000005,0.0092333995000278193
0.0045999999999999999,-0.00037098581350396802
0.0047000000000000002,-0.0089843596853651907
0.0048000000000000004,-0.0163763160822974
0.0048999999999999998,-0.0224030553619998
0.0050000000000000001,-0.027002050218904599
0.0051000000000000004,-0.030183950319608601
0.0052000000000000006,-0.0320270184229276
0.0053,-0.032669546788655697
0.0054000000000000003,-0.032293731489761397
0.0055000000000000005,-0.031104636663860399
0.0055999999999999999,-0.029311136988665502
0.0057000000000000002,-0.027109557116709201
0.0058000000000000005,-0.024668277484122401
0.0058999999999999999,-0.022118806652779498
0.0060000000000000001,-0.019560149996755899
0.0061000000000000004,-0.017071730165121701
0.0062000000000000006,-0.014721435455025101
0.0063,-0.0125623299411886
0.0064000000000000003,-0.0106250081627371
0.0065000000000000006,-0.0089164650207427705
0.0066,-0.0074290506014682098
0.0067000000000000002,-0.0061531496999466797
0.0068000000000000005,-0.0050840208457179296
0.0069000000000000008,-0.0042187594253345296
0.0070000000000000001,-0.0035476703603729899
0.0071000000000000004,-0.0030475584017829399
0.0072000000000000007,-0.0026817078717938001
0.0073000000000000001,-0.00240693833373914
0.0074000000000000003,-0.0021844190425283098
0.0075000000000000006,-0.0019887768922374001
0.0076,-0.00181129017204753
0.0077000000000000002,-0.00165739451948908
0.0078000000000000005,-0.0015414490360528099
0.0079000000000000008,-0.0014801446362050501
0.0080000000000000002,-0.00148425246104006
0.0080999999999999996,-0.0015509625838816901
0.0082000000000000007,-0.00166232753787014
0.0083000000000000001,-0.0017927823841819999
0.0084000000000000012,-0.0019211756366656601
0.0085000000000000006,-0.00203834953968872
0.0086,-0.00214504683447047
0.0087000000000000011,-0.0022428112848238502
0.0088000000000000005,-0.0023252350734758401
0.0088999999999999999,-0.0023755516265892502
0.0090000000000000011,-0.0023718112076830402
0.0091000000000000004,-0.0022964228438876601
0.0091999999999999998,-0.0021447967140190501
0.009300000000000001,-0.00192870210320489
0.0094000000000000004,-0.0016731032931034801
0.0094999999999999998,-0.00140864818749773
0.0096000000000000009,-0.0011635587414237599
0.0097000000000000003,-0.00095792271725163303
0.0097999999999999997,-0.00080157862707693904
0.0099000000000000008,-0.00069524657348622699
0.01,-0.00063365288287113705
0.010100000000000001,-0.00060900193099175403
0.010200000000000001,-0.00061332834399740902
0.0103,-0.00063906878111953203
0.010400000000000001,-0.00067826195083017099
0.010500000000000001,-0.00072150180147585003
0.0106,-0.00075774464763821105
0.010700000000000001,-0.00077540758961608901
0.010800000000000001,-0.00076437413931043099
0.0109,-0.000718064037602649
0.011000000000000001,-0.00063482253426366396
0.0111,-0.00051831310499735495
0.0112,-0.00037698527712326898
0.011300000000000001,-0.00022285237205867299
0.0114,-6.9817351926307702e-05
0.0115,6.8235024455350207e-05
0.011600000000000001,0.000179337229419629
0.0117,0.00025503965033365898
0.0118,0.00029142208730573399
0.011900000000000001,0.00028932661287449498
0.012,0.00025381136634780902
0.012100000000000001,0.00019301410387240401
0.012200000000000001,0.000116718770375991
0.0123,3.49199207384774e-05
0.012400000000000001,-4.3384028399199201e-05
0.012500000000000001,-0.00011102685530127301
0.0126,-0.00016309158533057901
0.012700000000000001,-0.000196945703682234
0.012800000000000001,-0.00021199360815581699
0.0129,-0.00020927177534893899
0.013000000000000001,-0.000191002353541729
0.013100000000000001,-0.000160186237365793
0.0132,-0.000120273465312443
0.013300000000000001,-7.4911972604165298e-05
0.0134,-2.7753724057436702e-05
0.0135,1.7709252019132799e-05
0.013600000000000001,5.8301894341142603e-05
0.0137,9.1328556184442595e-05
0.013800000000000002,0.000114739610958968
0.013900000000000001,0.000127286559593056
0.014,0.00012863815285400101
0.014100000000000001,0.000119425214159818
0.014200000000000001,0.000101187555098365
0.0143,7.6212824004758206e-05
0.014400000000000001,4.7280193730431099e-05
0.014500000000000001,1.7344121496883001e-05
0.0146,-1.07925982485716e-05
0.014700000000000001,-3.4766026396296701e-05
0.014800000000000001,-5.28589493512769e-05
0.0149,-6.4108152035116894e-05
0.015000000000000001,-6.8309511997869299e-05
0.015100000000000001,-6.5935743510329406e-05
0.0152,-5.7992307177750897e-05
0.015300000000000001,-4.5841291605318299e-05
0.0154,-3.1021456100056398e-05
0.0155,-1.50864642721434e-05
0.015600000000000001,5.2527554231892196e-07
0.015700000000000002,1.4584440023050401e-05
0.015800000000000002,2.6130299832611602e-05
0.015900000000000001,3.4501579597459898e-05
0.016,3.9345002216509301e-05
0.0161,4.0606503974221002e-05
0.016199999999999999,3.8508062269784901e-05
0.016300000000000002,3.3511412981077001e-05
0.016400000000000001,2.62692688615622e-05
0.016500000000000001,1.7565165256256899e-05
0.0166,8.2445606169538498e-06
0.0167,-8.5820967794416799e-07
0.016800000000000002,-8.9907963783235807e-06
0.016900000000000002,-1.5544370091701001e-05
0.017000000000000001,-2.0099181105772501e-05
0.017100000000000001,-2.2449320302492501e-05
0.0172,-2.2604616708096499e-05
0.017299999999999999,-2.0770706456455099e-05
0.017400000000000002,-1.7311113114043601e-05
0.017500000000000002,-1.26971901907081e-05
0.017600000000000001,-7.4527201642589004e-06
0.0177,-2.0998156560636501e-06
0.0178,2.88829078435075e-06
0.017899999999999999,7.1236413608079102e-06
0.018000000000000002,1.0327106760069101e-05
0.018100000000000002,1.23388769300085e-05
0.018200000000000001,1.31171084199347e-05
0.0183,1.27268861524664e-05
0.0184,1.13220871422245e-05
0.018500000000000003,9.1227532725283597e-06
0.018600000000000002,6.39033656531141e-06
0.018700000000000001,3.40281769449294e-06
0.018800000000000001,4.3132695484917102e-07
0.0189,-2.2804233869460199e-06
0.019,-4.5328476497909301e-06
0.019100000000000002,-6.1825227106616099e-06
0.019200000000000002,-7.14899288229112e-06
0.019300000000000001,-7.4160988508322199e-06
0.019400000000000001,-7.0279682626460097e-06
0.0195,-6.0802327079368396e-06
0.019599999999999999,-4.7074546217778802e-06
0.019700000000000002,-3.0680906823296099e-06
0.019800000000000002,-1.32852386117248e-06
0.019900000000000001,3.52274339897718e-07
