0,-0.00081513621959173
0.0001,-0.00595921279493151
0.0002,-0.00487824168731564
0.0003,-0.00352277115687523
0.0004,-0.00440425034174779
0.0005,-0.00211685579579112
0.0006,-0.00154136711299223
0.0007,-0.000745316041585207
0.0008,0.000993617120768085
0.0009,0.00253667402295284
0.001,0.00412727581197536
0.0011,0.00656792257390282
0.0012,0.00934511077057303
0.0013,0.0120804128355214
0.0014,0.0152322387401486
0.0015,0.0184487471604591
0.0016,0.021679260142822
0.0017,0.0251321691066599
0.0018,0.0288575079439916
0.0019,0.0326715721763242
0.002,0.0365400364361385
0.0021,0.0405080963819014
0.0022,0.0445754556644565
0.0023,0.048781758680362
0.0024,0.0531630653591315
0.0025,0.0577138255812872
0.0026,0.0623387925985707
0.0027,0.0669206362952005
0.0028,0.0713737173192348
0.0029,0.0757202582868114
0.003,0.0800343417813548
0.0031,0.0843164406137588
0.0032,0.0883920770965384
0.0033,0.0919112356914653
0.0034,0.0943136831240883
0.0035,0.0948786233966972
0.0036,0.0929696921922141
0.0037,0.0882913293769241
0.0038,0.0808448476588833
0.0039,0.0707486652893544
0.004,0.0581885857721226
0.0041,0.0434674992613732
0.0042,0.0270135267735715
0.0043,0.00942899110372434
0.0044,-0.00842919948431564
0.0045,-0.0255140021236885
0.0046,-0.0408131286836098
0.0047,-0.0535141977821515
0.0048,-0.0630311510692302
0.0049,-0.0690174243868394
0.005,-0.0714210000126919
0.0051,-0.0704936603431141
0.0052,-0.0667178285561545
0.0053,-0.0607119981518162
0.0054,-0.0531576922460082
0.0055,-0.0447391487502234
0.0056,-0.0360894354424037
0.0057,-0.0277466250867096
0.0058,-0.0201158549793531
0.0059,-0.0134432416560221
0.006,-0.0078256864117064
0.0061,-0.00326325961663431
0.0062,0.000278575718281521
0.0063,0.00283809646064757
0.0064,0.00446620047420421
0.0065,0.0052490814649441
0.0066,0.0053160825627631
0.0067,0.00482671819893596
0.0068,0.00395038413228297
0.0069,0.00285202405839908
0.007,0.00168486599726309
0.0071,0.000583967528553406
0.0072,-0.000343036040828643
0.0073,-0.00102587260405409
0.0074,-0.00143781160121786
0.0075,-0.00159466825215222
0.0076,-0.00154555028765929
0.0077,-0.00135715846353397
0.0078,-0.00109625984447566
0.0079,-0.000816037838614943
0.008,-0.000550323966852648
0.0081,-0.000316090141864003
0.0082,-0.000121081277694367
0.0083,2.82014065655802e-05
0.0084,0.000122278222444709
0.0085,0.000149923753026439
0.0086,0.000103651906738852
0.0087,-1.37976174016957e-05
0.0088,-0.000185589781486252
0.0089,-0.000381836984457971
0.009,-0.000565581859722555
0.0091,-0.000701620849989677
0.0092,-0.000764984755021603
0.0093,-0.000746200415841231
0.0094,-0.000651879964948362
0.0095,-0.000501013814024196
0.0096,-0.000318795844238285
0.0097,-0.00013035737057984
0.0098,4.36551751746557e-05
0.0099,0.000188825313413616
