0,-0.00050601515615501704
0.0001,-0.0042616762530960804
0.00020000000000000001,-0.0026698135024358499
0.00030000000000000003,-0.00058055359779792101
0.00040000000000000002,0.00195734481880984
0.00050000000000000001,0.0047696381481432404
0.00060000000000000006,0.0079171458791311208
0.00069999999999999999,0.011251819966562999
0.00080000000000000004,0.014966718773602899
0.00090000000000000008,0.0188946565269777
0.001,0.023045107617493399
0.0011000000000000001,0.027405068498655
0.0012000000000000001,0.031896951272168003
0.0013000000000000002,0.0365126375735432
0.0014,0.0412644267780563
0.0015,0.046134011389942699
0.0016000000000000001,0.051081844461259199
0.0017000000000000001,0.056079593232334898
0.0018000000000000002,0.061056458587852698
0.0019,0.0659406492816349
0.002,0.070667935717809494
0.0021000000000000003,0.075153745673207706
0.0022000000000000001,0.079220989265858396
0.0023,0.082580175399048397
0.0024000000000000002,0.084832686435537305
0.0025000000000000001,0.085516453813772306
0.0026000000000000003,0.084177086735088294
0.0027000000000000001,0.080477286657552202
0.0028,0.074292982016715997
0.0029000000000000002,0.065761845427375301
0.0030000000000000001,0.0552694597161284
0.0031000000000000003,0.043402641470501997
0.0032000000000000002,0.030874018288679798
0.0033,0.018418726381570001
0.0034000000000000002,0.0066886403756321201
0.0035000000000000001,-0.0038100440486932802
0.0036000000000000003,-0.01273061026358
0.0037000000000000002,-0.019879848578852201
0.0038,-0.025207903042585501
0.0039000000000000003,-0.028783731253134201
0.0040000000000000001,-0.030756474905439601
0.0041000000000000003,-0.031322205850230399
0.0042000000000000006,-0.030708909464549902
0.0043,-0.029171829852908698
0.0044000000000000003,-0.026984993861029701
0.0045000000000000005,-0.024422378489353899
0.0045999999999999999,-0.021731045732858899
0.0047000000000000002,-0.019104321618294399
0.0048000000000000004,-0.0166658018536722
0.0048999999999999998,-0.0144710629169409
0.0050000000000000001,-0.012524433473336399
0.0051000000000000004,-0.010801092847498099
0.0052000000000000006,-0.0092659350432992404
0.0053,-0.0078865699165970408
0.0054000000000000003,-0.0066416135684637303
0.0055000000000000005,-0.0055249526625312899
0.0055999999999999999,-0.0045451334645631898
0.0057000000000000002,-0.00371941648829912
0.0058000000000000005,-0.0030641395408542299
0.0058999999999999999,-0.00258483323708824
0.0060000000000000001,-0.0022697093030344001
0.0061000000000000004,-0.0020887527515896899
0.0062000000000000006,-0.0019985285056602301
0.0063,-0.00195087718149182
0.0064000000000000003,-0.00190259113790056
0.0065000000000000006,-0.00182318564246207
0.0066,-0.0016988245150947299
0.0067000000000000002,-0.0015318420244235099
0.0068000000000000005,-0.00133660391236268
0.0069000000000000008,-0.0011333150020433999
0.0070000000000000001,-0.00094166984698548404
0.0071000000000000004,-0.000775985488886574
0.0072000000000000007,-0.00064279728775462305
0.0073000000000000001,-0.00054106817990526399
0.0074000000000000003,-0.00046441665738672599
0.0075000000000000006,-0.00040431519174000601
0.0076,-0.00035313572128635202
0.0077000000000000002,-0.00030617879217687802
0.0078000000000000005,-0.00026228400776182601
0.0079000000000000008,-0.000223115048860059
0.0080000000000000002,-0.000191595378564707
0.0080999999999999996,-0.000170149065051201
0.0082000000000000007,-0.00015935581033238899
0.0083000000000000001,-0.00015740863433676201
0.0084000000000000012,-0.000160458461767084
0.0085000000000000006,-0.00016364393620833901
0.0086,-0.000162418469730811
0.0087000000000000011,-0.000153740566723725
0.0088000000000000005,-0.00013678216318882501
0.0088999999999999999,-0.000112989079969678
0.0090000000000000011,-8.5533413662122997e-05
0.0091000000000000004,-5.8366692948027799e-05
0.0091999999999999998,-3.5171094763488898e-05
0.009300000000000001,-1.8499288182766899e-05
0.0094000000000000004,-9.3061436622753593e-06
0.0094999999999999998,-6.9431377550796197e-06
0.0096000000000000009,-9.5521647889937801e-06
0.0097000000000000003,-1.4697390847853201e-05
0.0097999999999999997,-2.0033982393384201e-05
0.0099000000000000008,-2.3833657823481699e-05
0.01,-2.5254198262249401e-05
0.010100000000000001,-2.4327726603643998e-05
0.010200000000000001,-2.1723203793172599e-05
0.0103,-1.8390808683675801e-05
0.010400000000000001,-1.52095256884857e-05
0.010500000000000001,-1.27366499021668e-05
0.0106,-1.11112144941665e-05
0.010700000000000001,-1.01096673869826e-05
0.010800000000000001,-9.3079082765811292e-06
0.0109,-8.28021750456172e-06
0.011000000000000001,-6.7661919969276001e-06
0.0111,-4.7575858282760097e-06
0.0112,-2.4887528168476599e-06
0.011300000000000001,-3.4623514976563497e-07
0.0114,1.26439822688669e-06
0.0115,2.0483377351873901e-06
0.011600000000000001,1.9085926298727799e-06
0.0117,9.6847015830217104e-07
0.0118,-4.7075647105865298e-07
0.011900000000000001,-2.0183276546383401e-06
0.012,-3.29889253806651e-06
0.012100000000000001,-4.0429737211156699e-06
0.012200000000000001,-4.1399671208370696e-06
0.0123,-3.64393989155453e-06
0.012400000000000001,-2.7367486906182e-06
0.012500000000000001,-1.6640608232596799e-06
0.0126,-6.6505671492902001e-07
0.012700000000000001,8.4702268367167096e-08
0.012800000000000001,5.0424466210029505e-07
0.0129,6.08111142186517e-07
0.013000000000000001,4.82136302904131e-07
0.013100000000000001,2.4506875817601499e-07
0.0132,9.0706672961266693e-09
0.013300000000000001,-1.49768215213739e-07
0.0134,-2.0448682266217501e-07
0.0135,-1.7322413205144401e-07
0.013600000000000001,-1.0245348364243399e-07
0.0137,-4.47690674458706e-08
0.013800000000000002,-3.8876861024342102e-08
0.013900000000000001,-9.7527233466226504e-08
0.014,-2.0584035068254499e-07
0.014100000000000001,-3.2898117510179801e-07
0.014200000000000001,-4.2548467456973801e-07
0.0143,-4.61360911149164e-07
0.014400000000000001,-4.2054529062892297e-07
0.014500000000000001,-3.0894015672420501e-07
0.0146,-1.51551517735424e-07
0.014700000000000001,1.5679319739669801e-08
0.014800000000000001,1.5640041722381599e-07
0.0149,2.4346554817630699e-07
0.015000000000000001,2.6504304117864101e-07
0.015100000000000001,2.2593824858599901e-07
0.0152,1.4435804783068901e-07
0.015300000000000001,4.5584918094661697e-08
0.0154,-4.5315022270585601e-08
0.0155,-1.09654906444549e-07
0.015600000000000001,-1.3867546117019199e-07
0.015700000000000002,-1.3392837262102699e-07
0.015800000000000002,-1.04894679276741e-07
0.015900000000000001,-6.4934930856096203e-08
0.016,-2.6953107551720301e-08
0.0161,-1.1928103868179499e-11
0.016199999999999999,1.2330832355165799e-08
0.016300000000000002,1.1805466377535399e-08
0.016400000000000001,3.7311421326003504e-09
0.016500000000000001,-5.4118496165941703e-09
0.0166,-1.03010688328776e-08
0.0167,-8.3146909002342901e-09
0.016800000000000002,3.39438404386543e-11
0.016900000000000002,1.1723011589277799e-08
0.017000000000000001,2.2556496898542701e-08
0.017100000000000001,2.8695808582043301e-08
0.0172,2.78945378232424e-08
0.017299999999999999,2.0100668925564799e-08
0.017400000000000002,7.3244992917157898e-09
0.017500000000000002,-7.0989213081598697e-09
0.017600000000000001,-1.9563205034161001e-08
0.0177,-2.7215793600737399e-08
0.0178,-2.8663345701869699e-08
0.017899999999999999,-2.4195225155837299e-08
0.018000000000000002,-1.55212937438879e-08
0.018100000000000002,-5.1580650253118903e-09
0.018200000000000001,4.3218190637703602e-09
0.0183,1.09528756685251e-08
0.0184,1.3784277536078399e-08
0.018500000000000003,1.2957832130195301e-08
0.018600000000000002,9.4845510823364508e-09
0.018700000000000001,4.8270150715397102e-09
0.018800000000000001,4.3213937808923801e-10
0.0189,-2.6497206669464902e-09
0.019,-3.9687987978235201e-09
0.019100000000000002,-3.6763778448886498e-09
0.019200000000000002,-2.3563922151947101e-09
0.019300000000000001,-7.6488472720275199e-10
0.019400000000000001,4.32318418428955e-10
0.0195,8.4757188859980795e-10
0.019599999999999999,4.42626013941845e-10
0.019700000000000002,-5.1865819735566001e-10
0.019800000000000002,-1.60302264447052e-09
0.019900000000000001,-2.3729959799551001e-09
