0,-0.000117873895468527
0.0001,-0.0038539882618164
0.0002,0.00121026858951261
0.0003,0.00554372242830282
0.0004,0.00661016059359134
0.0005,0.0133767639001995
0.0006,0.0153144978852701
0.0007,0.0183383139982399
0.0008,0.0238662219864521
0.0009,0.0257652151723233
0.001,0.0289545775502733
0.0011,0.0330432177152974
0.0012,0.0347843922410416
0.0013,0.0371566037454701
0.0014,0.0398239840699076
0.0015,0.0408019513790568
0.0016,0.0422505694433214
0.0017,0.0432963040516817
0.0018,0.0437317205151636
0.0019,0.0438595154156642
0.002,0.0440095862421531
0.0021,0.0434848393167246
0.0022,0.0428377989394748
0.0023,0.0419945339767153
0.0024,0.0408725545424716
0.0025,0.0394348145804924
0.0026,0.0379818082554383
0.0027,0.0362907289619057
0.0028,0.0344416877992768
0.0029,0.0324945418574526
0.003,0.03051774782147
0.0031,0.0283875279270214
0.0032,0.026221444482665
0.0033,0.0240314828043585
0.0034,0.021819758857675
0.0035,0.0195603075281195
0.0036,0.0173404271222279
0.0037,0.0151500186232715
0.0038,0.0129857554249306
0.0039,0.0108825674173053
0.004,0.00887439445539133
0.0041,0.00694587029828105
0.0042,0.00510529537147825
0.0043,0.00338914147080355
0.0044,0.00179975147750618
0.0045,0.000327129141861507
0.0046,-0.0010228998478835
0.0047,-0.00223833830915867
0.0048,-0.00332694430980297
0.0049,-0.00429330435770524
0.005,-0.0051390450029771
0.0051,-0.00586694781629035
0.0052,-0.0064846123871002
0.0053,-0.00699668620733789
0.0054,-0.00741001845049502
0.0055,-0.00773302110908412
0.0056,-0.0079734977460527
0.0057,-0.00813706439466879
0.0058,-0.00822963178815695
0.0059,-0.00825764388230928
0.006,-0.00822794536745006
0.0061,-0.00814640627716613
0.0062,-0.00801687301253357
0.0063,-0.00784307694219294
0.0064,-0.00763154691791079
0.0065,-0.00738992695169564
0.0066,-0.0071226031302871
0.0067,-0.00683098186252616
0.0068,-0.00651810231010409
0.0069,-0.00619029569344168
0.007,-0.00585393270108866
0.0071,-0.00551268538839607
0.0072,-0.00516845432756697
0.0073,-0.0048234227133736
0.0074,-0.00448038863537231
0.0075,-0.0041418314896299
0.0076,-0.00380934046321623
0.0077,-0.00348387607613132
0.0078,-0.00316629313396974
0.0079,-0.00285757880548261
0.008,-0.00255874908261525
0.0081,-0.00227067985835127
0.0082,-0.00199405568501532
0.0083,-0.00172938083380802
0.0084,-0.00147697573139248
0.0085,-0.00123699442095108
0.0086,-0.00100948934373166
0.0087,-0.000794460896411561
0.0088,-0.000591852303788367
0.0089,-0.000401532339903534
0.009,-0.000223310792395539
0.0091,-5.69674975920368e-05
0.0092,9.77388534132645e-05
0.0093,0.000241079321003668
0.0094,0.000373357694958388
0.0095,0.000494903308481173
0.0096,0.000606064840525745
0.0097,0.000707209867112215
0.0098,0.000798723715219302
0.0099,0.000881003000012312
0.01,0.00095444754260957
0.0101,0.00101945642914834
0.0102,0.00107642865727903
0.0103,0.00112576447698579
0.0104,0.00116786454912571
0.0105,0.00120312721822925
0.0106,0.00123194555270133
0.0107,0.00125470521192292
0.0108,0.00127178330527523
0.0109,0.00128354786193532
0.011,0.00129035737934531
0.0111,0.00129256017688034
0.0112,0.00129049368751415
0.0113,0.00128448393092213
0.0114,0.00127484521610506
0.0115,0.0012618799614064
0.0116,0.00124587855845097
0.0117,0.00122711929819156
0.0118,0.0012058683838249
0.0119,0.00118238000870856
0.012,0.00115689646141981
0.0121,0.00112964824280862
0.0122,0.00110085420246664
0.0123,0.00107072170492365
0.0124,0.00103944682816189
0.0125,0.00100721458894846
0.0126,0.00097419918620838
0.0127,0.00094056425652661
0.0128,0.000906463141631577
0.0129,0.00087203916996116
0.013,0.000837425951620877
0.0131,0.00080274768285036
0.0132,0.000768119456351182
0.0133,0.000733647576211283
0.0134,0.000699429877431119
0.0135,0.000665556049406906
0.0136,0.000632107961675
0.0137,0.000599159990095965
0.0138,0.000566779342240019
0.0139,0.000535026381175189
0.014,0.000503954946859176
0.0141,0.000473612674230786
0.0142,0.0004440413071665
0.0143,0.000415277007624109
0.0144,0.000387350659382039
0.0145,0.000360288165806398
0.0146,0.000334110741122334
0.0147,0.000308835194741029
0.0148,0.000284474208262248
0.0149,0.000261036604822038
