0,-0.00035642932583056599
0.0001,-0.00266861785318359
0.00020000000000000001,-0.00283551892093198
0.00030000000000000003,-0.0016893781055988401
0.00040000000000000002,-0.00080666837559608599
0.00050000000000000001,0.00036342885918837702
0.00060000000000000006,0.0018344168799043
0.00069999999999999999,0.0032493547401176398
0.00080000000000000004,0.0049050358063316996
0.00090000000000000008,0.0068501038529186096
0.001,0.0088962955309468805
0.0011000000000000001,0.011084302163872101
0.0012000000000000001,0.0134811310250027
0.0013000000000000002,0.015941549186305599
0.0014,0.018442898302160501
0.0015,0.0210275545615973
0.0016000000000000001,0.0236837407445201
0.0017000000000000001,0.026367990623563601
0.0018000000000000002,0.0291102961911817
0.0019,0.031912784216486703
0.002,0.0347528874957631
0.0021000000000000003,0.037635985218582101
0.0022000000000000001,0.040603416493199498
0.0023,0.043678791031955697
0.0024000000000000002,0.046881454541370798
0.0025000000000000001,0.050240372746185799
0.0026000000000000003,0.053779119956027598
0.0027000000000000001,0.057491124279244001
0.0028,0.061339680610809098
0.0029000000000000002,0.065237114434253701
0.0030000000000000001,0.069008222928295296
0.0031000000000000003,0.072371762682852198
0.0032000000000000002,0.074968853735001603
0.0033,0.076408776118664298
0.0034000000000000002,0.076322291783364998
0.0035000000000000001,0.074423070238232705
0.0036000000000000003,0.070569248858320194
0.0037000000000000002,0.064792743885393397
0.0038,0.057293756653810403
0.0039000000000000003,0.048414185552824597
0.0040000000000000001,0.038596557072444797
0.0041000000000000003,0.0283276634201436
0.0042000000000000006,0.0180833694626274
0.0043,0.0082886592902205892
0.0044000000000000003,-0.00070768422143451199
0.0045000000000000005,-0.0086476984153727107
0.0045999999999999999,-0.0153643673368391
0.0047000000000000002,-0.020769660916719199
0.0048000000000000004,-0.024841304189344399
0.0048999999999999998,-0.027614933696029399
0.0050000000000000001,-0.029178542198796599
0.0051000000000000004,-0.029665550276811899
0.0052000000000000006,-0.029246166722103499
0.0053,-0.028115694652536698
0.0054000000000000003,-0.026476822282053999
0.0055000000000000005,-0.0245176343544431
0.0055999999999999999,-0.0223935317267848
0.0057000000000000002,-0.020220362216982798
0.0058000000000000005,-0.0180783979793449
0.0058999999999999999,-0.016021196742004699
0.0060000000000000001,-0.014084225816831801
0.0061000000000000004,-0.0122914416771973
0.0062000000000000006,-0.0106596097643226
0.0063,-0.00920041905917773
0.0064000000000000003,-0.0079209877649125907
0.0065000000000000006,-0.0068236993364892999
0.0066,-0.0059057558098980197
0.0067000000000000002,-0.0051582512117321899
0.0068000000000000005,-0.0045650251567711598
0.0069000000000000008,-0.0041024958243235203
0.0070000000000000001,-0.00374171097095676
0.0071000000000000004,-0.0034526416061912701
0.0072000000000000007,-0.00320933224696711
0.0073000000000000001,-0.0029940191128338001
0.0074000000000000003,-0.0027988584371826798
0.0075000000000000006,-0.0026248607254442699
0.0076,-0.0024784850243351302
0.0077000000000000002,-0.0023669594435708702
0.0078000000000000005,-0.0022937356376166599
0.0079000000000000008,-0.0022554491639167301
0.0080000000000000002,-0.0022412735312594199
0.0080999999999999996,-0.0022347593198682801
0.0082000000000000007,-0.0022174576986184399
0.0083000000000000001,-0.0021731389385089999
0.0084000000000000012,-0.0020913600126911099
0.0085000000000000006,-0.0019694596067119999
0.0086,-0.0018126038284018999
0.0087000000000000011,-0.00163207512876992
0.0088000000000000005,-0.0014424222534469
0.0088999999999999999,-0.00125828123112133
0.0090000000000000011,-0.0010916372887147701
0.0091000000000000004,-0.00095008257563901496
0.0091999999999999998,-0.00083631205642732903
0.009300000000000001,-0.00074877036164503104
0.0094000000000000004,-0.00068309340631555603
0.0094999999999999998,-0.00063384125721024898
0.0096000000000000009,-0.00059602086947888597
0.0097000000000000003,-0.00056603414150283395
0.0097999999999999997,-0.00054190630037873305
0.0099000000000000008,-0.00052288043325416701
0.01,-0.00050863879697202402
0.010100000000000001,-0.00049848732648363205
0.010200000000000001,-0.000490807006210303
0.0103,-0.00048295641141189098
0.010400000000000001,-0.00047164741952327799
0.010500000000000001,-0.00045366224757571798
0.0106,-0.000426678681996212
0.010700000000000001,-0.00038994625772766002
0.010800000000000001,-0.000344609181013936
0.0109,-0.000293580074057255
0.011000000000000001,-0.000240996952838981
0.0111,-0.00019140678077605501
0.0112,-0.00014888328347346201
0.011300000000000001,-0.00011629085190167
0.0114,-9.4854513910574804e-05
0.0115,-8.4107140601436106e-05
0.011600000000000001,-8.2186366581619595e-05
0.0117,-8.6372132286907901e-05
0.0118,-9.3710916523846301e-05
0.011900000000000001,-0.000101572315052412
0.012,-0.00010802259515043299
0.012100000000000001,-0.000111963192634558
0.012200000000000001,-0.000113049998438873
0.0123,-0.000111463021950335
0.012400000000000001,-0.000107623024095589
0.012500000000000001,-0.00010194821415386599
0.0126,-9.4715157228854994e-05
0.012700000000000001,-8.6045110343149e-05
0.012800000000000001,-7.5994059869102193e-05
0.0129,-6.4694072595067504e-05
0.013000000000000001,-5.2482591427938297e-05
0.013100000000000001,-3.9965972187017102e-05
0.0132,-2.7988848689952198e-05
0.013300000000000001,-1.7512878296825301e-05
0.0134,-9.4371110280920594e-06
0.0135,-4.4095957174282502e-06
0.013600000000000001,-2.6818073018106999e-06
0.0137,-4.0446868839172701e-06
0.013800000000000002,-7.8622433212606403e-06
0.013900000000000001,-1.3192854778621099e-05
0.014,-1.8966895137883699e-05
0.014100000000000001,-2.4177521671459701e-05
0.014200000000000001,-2.8041682209064899e-05
0.0143,-3.0099463151036899e-05
0.014400000000000001,-3.0237847077952201e-05
0.014500000000000001,-2.8644393963271201e-05
0.0146,-2.5712093038151101e-05
0.014700000000000001,-2.1925006330291899e-05
0.014800000000000001,-1.7754068035079601e-05
0.0149,-1.3584696198584199e-05
0.015000000000000001,-9.6857469362123608e-06
0.015100000000000001,-6.2166433329713901e-06
0.0152,-3.2597592807053699e-06
0.015300000000000001,-8.6059855112165098e-07
0.0154,9.4047954395519498e-07
0.0155,2.0954067248874598e-06
0.015600000000000001,2.55668727788936e-06
0.015700000000000002,2.3012726958966801e-06
0.015800000000000002,1.35930210219145e-06
0.015900000000000001,-1.64320913886137e-07
0.016,-2.08495029572674e-06
0.0161,-4.15387383153566e-06
0.016199999999999999,-6.0923387628244399e-06
0.016300000000000002,-7.6362013811194296e-06
0.016400000000000001,-8.5804807331424105e-06
0.016500000000000001,-8.8132035953785697e-06
0.0166,-8.3308912165691592e-06
0.0167,-7.2328462708617298e-06
0.016800000000000002,-5.6966239940745002e-06
0.016900000000000002,-3.9413024916662402e-06
0.017000000000000001,-2.1873894062286899e-06
0.017100000000000001,-6.2203423175732201e-07
0.0172,6.2405225128668602e-07
0.017299999999999999,1.4851242255805601e-06
0.017400000000000002,1.9553042110755899e-06
0.017500000000000002,2.0737996759677802e-06
0.017600000000000001,1.90592609374123e-06
0.0177,1.5253339796320699e-06
0.0178,1.00135232787284e-06
0.017899999999999999,3.9309058086170702e-07
0.018000000000000002,-2.5037518224044998e-07
0.018100000000000002,-8.8611428111072595e-07
0.018200000000000001,-1.4728347433919201e-06
0.0183,-1.96847051210405e-06
0.0184,-2.3313839948857699e-06
0.018500000000000003,-2.5251506585455899e-06
0.018600000000000002,-2.5254854457191998e-06
0.018700000000000001,-2.3270260597659699e-06
0.018800000000000001,-1.9476153413330498e-06
0.0189,-1.4283902198035299e-06
0.019,-8.2914418833863098e-07
0.019100000000000002,-2.1971893089722999e-07
0.019200000000000002,3.3077358513503598e-07
0.019300000000000001,7.6456931552113705e-07
0.019400000000000001,1.0434812346726199e-06
0.0195,1.1531674670731299e-06
0.019599999999999999,1.1028676969850201e-06
0.019700000000000002,9.2109513964633199e-07
0.019800000000000002,6.4861170770778098e-07
0.019900000000000001,3.3044651410007001e-07
